{
  "model": "moonshotai/Kimi-K2-Thinking",
  "parameters": {
    "n_prompts": 100,
    "max_tokens": 200,
    "seed": 42,
    "top_k": 50,
    "top_p": 0.95,
    "temperature": 0.0,
    "verification_backend": "fireworks",
    "fireworks_verification_mode": "serverless",
    "fireworks_verification_strategy": "fixed-per-audit",
    "fireworks_deployment_created_for_audit": false,
    "fireworks_serverless_mapping_error": null
  },
  "providers": {
    "atlas-cloud/int4": {
      "exact_match_rate": 0.8848234333537457,
      "avg_prob": 0.8405712301030099,
      "avg_margin": 0.14968552846159897,
      "avg_logit_rank": 0.18029189630536843,
      "avg_gumbel_rank": 0.18029189630536843,
      "infinite_margin_rate": 0.006736068585425597,
      "total_tokens": 19596,
      "n_sequences": 100,
      "fireworks_verification_mode": "serverless"
    },
    "baseten/fp4": {
      "exact_match_rate": 0.9312080536912751,
      "avg_prob": 0.8777059304497171,
      "avg_margin": 0.06449088072165465,
      "avg_logit_rank": 0.08104535285743339,
      "avg_gumbel_rank": 0.08104535285743339,
      "infinite_margin_rate": 0.0006101281269066504,
      "total_tokens": 19668,
      "n_sequences": 100,
      "fireworks_verification_mode": "serverless"
    },
    "deepinfra/fp4": {
      "exact_match_rate": 0.9310712111990261,
      "avg_prob": 0.8767104702635592,
      "avg_margin": 0.055577140437791876,
      "avg_logit_rank": 0.10088253195374315,
      "avg_gumbel_rank": 0.10088253195374315,
      "infinite_margin_rate": 0.006238587948874011,
      "total_tokens": 19716,
      "n_sequences": 100,
      "fireworks_verification_mode": "serverless"
    },
    "google-vertex": {
      "exact_match_rate": 0.9267209861067586,
      "avg_prob": 0.8690943088940529,
      "avg_margin": 0.05682623215940843,
      "avg_logit_rank": 0.11307844980674815,
      "avg_gumbel_rank": 0.11307844980674815,
      "infinite_margin_rate": 0.006372088164629688,
      "total_tokens": 19146,
      "n_sequences": 100,
      "fireworks_verification_mode": "serverless"
    },
    "moonshotai/int4": {
      "exact_match_rate": 0.9680493273542601,
      "avg_prob": 0.901618944188482,
      "avg_margin": 0.014914076035721565,
      "avg_logit_rank": 0.029300856094578068,
      "avg_gumbel_rank": 0.029300856094578068,
      "infinite_margin_rate": 0.0,
      "total_tokens": 19624,
      "n_sequences": 100,
      "fireworks_verification_mode": "serverless"
    },
    "nebius/fp8": {
      "exact_match_rate": 0.9586037716563602,
      "avg_prob": 0.8893965334275147,
      "avg_margin": 0.018071799266991165,
      "avg_logit_rank": 0.0604589359636122,
      "avg_gumbel_rank": 0.0604589359636122,
      "infinite_margin_rate": 0.005161751929268666,
      "total_tokens": 19567,
      "n_sequences": 100,
      "fireworks_verification_mode": "serverless"
    },
    "novita/bf16": {
      "exact_match_rate": 0.8990119077780593,
      "avg_prob": 0.8524940539376415,
      "avg_margin": 0.12371245384022117,
      "avg_logit_rank": 0.150950088674943,
      "avg_gumbel_rank": 0.150950088674943,
      "infinite_margin_rate": 0.004611097035723334,
      "total_tokens": 19735,
      "n_sequences": 100,
      "fireworks_verification_mode": "serverless"
    },
    "parasail/int4": {
      "error": "Error code: 403 - {'error': {'message': 'Provider returned error', 'code': 403, 'metadata': {'raw': '{\"error\":{\"message\":\"Deployment parasail-kimi-k2-thinking doesn\\'t exist or isn\\'t accessible.\",\"type\":\"invalid_request_error\",\"param\":null,\"code\":null}}', 'provider_name': 'Parasail', 'is_byok': False}}, 'user_id': 'redacted'}"
    },
    "siliconflow/fp8": {
      "exact_match_rate": 0.9631589660085488,
      "avg_prob": 0.897869341225175,
      "avg_margin": 0.019944513787957332,
      "avg_logit_rank": 0.03643395074292693,
      "avg_gumbel_rank": 0.03643395074292693,
      "infinite_margin_rate": 0.0,
      "total_tokens": 19652,
      "n_sequences": 100,
      "fireworks_verification_mode": "serverless"
    }
  }
}