{
  "model": "moonshotai/Kimi-K2-Thinking",
  "parameters": {
    "n_prompts": 100,
    "max_tokens": 200,
    "seed": 42,
    "top_k": 50,
    "top_p": 0.95,
    "temperature": 0.0,
    "verification_backend": "fireworks",
    "fireworks_verification_mode": "serverless",
    "fireworks_verification_strategy": "fixed-per-audit",
    "fireworks_deployment_created_for_audit": false,
    "fireworks_serverless_mapping_error": null
  },
  "providers": {
    "atlas-cloud/int4": {
      "exact_match_rate": 0.8856243974222358,
      "avg_prob": 0.8432710389349864,
      "avg_margin": 0.1442152072316725,
      "avg_logit_rank": 0.17780484091947024,
      "avg_gumbel_rank": 0.17780484091947024,
      "infinite_margin_rate": 0.006495154006190693,
      "total_tokens": 19707,
      "n_sequences": 100,
      "fireworks_verification_mode": "serverless"
    },
    "baseten/fp4": {
      "exact_match_rate": 0.9307984790874525,
      "avg_prob": 0.8801193958587344,
      "avg_margin": 0.06347682259299538,
      "avg_logit_rank": 0.08253485424588086,
      "avg_gumbel_rank": 0.08253485424588086,
      "infinite_margin_rate": 0.0006590621039290241,
      "total_tokens": 19725,
      "n_sequences": 100,
      "fireworks_verification_mode": "serverless"
    },
    "deepinfra/fp4": {
      "exact_match_rate": 0.9273131088789056,
      "avg_prob": 0.8738829975060453,
      "avg_margin": 0.0589278132495328,
      "avg_logit_rank": 0.10660744031093837,
      "avg_gumbel_rank": 0.10660744031093837,
      "infinite_margin_rate": 0.006107717934480844,
      "total_tokens": 19811,
      "n_sequences": 100,
      "fireworks_verification_mode": "serverless"
    },
    "google-vertex": {
      "exact_match_rate": 0.926981627296588,
      "avg_prob": 0.8668177074912735,
      "avg_margin": 0.05680793544892459,
      "avg_logit_rank": 0.11412073490813648,
      "avg_gumbel_rank": 0.11412073490813648,
      "infinite_margin_rate": 0.006666666666666667,
      "total_tokens": 19050,
      "n_sequences": 100,
      "fireworks_verification_mode": "serverless"
    },
    "moonshotai/int4": {
      "exact_match_rate": 0.9675925925925926,
      "avg_prob": 0.8993023777333963,
      "avg_margin": 0.014883771424255914,
      "avg_logit_rank": 0.031898656898656896,
      "avg_gumbel_rank": 0.031898656898656896,
      "infinite_margin_rate": 5.087505087505087e-05,
      "total_tokens": 19656,
      "n_sequences": 100,
      "fireworks_verification_mode": "serverless"
    },
    "nebius/fp8": {
      "exact_match_rate": 0.9583076923076923,
      "avg_prob": 0.8904069695964169,
      "avg_margin": 0.018058175093759666,
      "avg_logit_rank": 0.062205128205128205,
      "avg_gumbel_rank": 0.062205128205128205,
      "infinite_margin_rate": 0.005230769230769231,
      "total_tokens": 19500,
      "n_sequences": 100,
      "fireworks_verification_mode": "serverless"
    },
    "novita/bf16": {
      "exact_match_rate": 0.9035180966843837,
      "avg_prob": 0.8563278870525567,
      "avg_margin": 0.12014125846667287,
      "avg_logit_rank": 0.14203998987598077,
      "avg_gumbel_rank": 0.14203998987598077,
      "infinite_margin_rate": 0.004403948367501898,
      "total_tokens": 19755,
      "n_sequences": 100,
      "fireworks_verification_mode": "serverless"
    },
    "parasail/int4": {
      "error": "Error code: 403 - {'error': {'message': 'Provider returned error', 'code': 403, 'metadata': {'raw': '{\"error\":{\"message\":\"Deployment parasail-kimi-k2-thinking doesn\\'t exist or isn\\'t accessible.\",\"type\":\"invalid_request_error\",\"param\":null,\"code\":null}}', 'provider_name': 'Parasail', 'is_byok': False}}, 'user_id': 'redacted'}"
    },
    "siliconflow/fp8": {
      "exact_match_rate": 0.9631870385561936,
      "avg_prob": 0.8959991381542988,
      "avg_margin": 0.017986732851840933,
      "avg_logit_rank": 0.03691550451189499,
      "avg_gumbel_rank": 0.03691550451189499,
      "infinite_margin_rate": 0.00015381460213289582,
      "total_tokens": 19504,
      "n_sequences": 100,
      "fireworks_verification_mode": "serverless"
    }
  }
}