{
  "model": "moonshotai/Kimi-K2-Thinking",
  "parameters": {
    "n_prompts": 100,
    "max_tokens": 200,
    "seed": 42,
    "top_k": 50,
    "top_p": 0.95,
    "temperature": 0.0,
    "verification_backend": "fireworks",
    "fireworks_verification_mode": "serverless",
    "fireworks_verification_strategy": "fixed-per-audit",
    "fireworks_deployment_created_for_audit": false,
    "fireworks_serverless_mapping_error": null
  },
  "providers": {
    "atlas-cloud/int4": {
      "exact_match_rate": 0.8856477261217461,
      "avg_prob": 0.8421464728933862,
      "avg_margin": 0.14772711376463427,
      "avg_logit_rank": 0.17279449002329586,
      "avg_gumbel_rank": 0.17279449002329586,
      "infinite_margin_rate": 0.005216246328370303,
      "total_tokens": 19746,
      "n_sequences": 100,
      "fireworks_verification_mode": "serverless"
    },
    "baseten/fp4": {
      "exact_match_rate": 0.9298729137957433,
      "avg_prob": 0.8787090292353789,
      "avg_margin": 0.05956516882525601,
      "avg_logit_rank": 0.08201908844995662,
      "avg_gumbel_rank": 0.08201908844995662,
      "infinite_margin_rate": 0.0007145409074669524,
      "total_tokens": 19593,
      "n_sequences": 100,
      "fireworks_verification_mode": "serverless"
    },
    "deepinfra/fp4": {
      "exact_match_rate": 0.9320289412004484,
      "avg_prob": 0.8790453457609324,
      "avg_margin": 0.05258040492450426,
      "avg_logit_rank": 0.10027514521553042,
      "avg_gumbel_rank": 0.10027514521553042,
      "infinite_margin_rate": 0.006063385305207378,
      "total_tokens": 19626,
      "n_sequences": 100,
      "fireworks_verification_mode": "serverless"
    },
    "google-vertex": {
      "exact_match_rate": 0.9263053363299012,
      "avg_prob": 0.8635668854245806,
      "avg_margin": 0.061491532759232956,
      "avg_logit_rank": 0.1152459102074949,
      "avg_gumbel_rank": 0.1152459102074949,
      "infinite_margin_rate": 0.00653321486437046,
      "total_tokens": 19133,
      "n_sequences": 100,
      "fireworks_verification_mode": "serverless"
    },
    "moonshotai/int4": {
      "exact_match_rate": 0.9663101327959489,
      "avg_prob": 0.8987258269169991,
      "avg_margin": 0.015094758657050952,
      "avg_logit_rank": 0.031984705213661965,
      "avg_gumbel_rank": 0.031984705213661965,
      "infinite_margin_rate": 5.167157546633597e-05,
      "total_tokens": 19353,
      "n_sequences": 100,
      "fireworks_verification_mode": "serverless"
    },
    "nebius/fp8": {
      "exact_match_rate": 0.9591764646515618,
      "avg_prob": 0.8924877830893034,
      "avg_margin": 0.01712503407592433,
      "avg_logit_rank": 0.06141191905939345,
      "avg_gumbel_rank": 0.06141191905939345,
      "infinite_margin_rate": 0.005046172478175304,
      "total_tokens": 19817,
      "n_sequences": 100,
      "fireworks_verification_mode": "serverless"
    },
    "novita/bf16": {
      "exact_match_rate": 0.8930105624905241,
      "avg_prob": 0.8477755474166624,
      "avg_margin": 0.13100228700632485,
      "avg_logit_rank": 0.16237933997068782,
      "avg_gumbel_rank": 0.16237933997068782,
      "infinite_margin_rate": 0.0058624349320260775,
      "total_tokens": 19787,
      "n_sequences": 100,
      "fireworks_verification_mode": "serverless"
    },
    "parasail/int4": {
      "error": "Error code: 403 - {'error': {'message': 'Provider returned error', 'code': 403, 'metadata': {'raw': '{\"error\":{\"message\":\"Deployment parasail-kimi-k2-thinking doesn\\'t exist or isn\\'t accessible.\",\"type\":\"invalid_request_error\",\"param\":null,\"code\":null}}', 'provider_name': 'Parasail', 'is_byok': False}}, 'user_id': 'redacted'}"
    },
    "siliconflow/fp8": {
      "error": "'NoneType' object is not subscriptable"
    },
    "together": {
      "exact_match_rate": 0.9486721144024515,
      "avg_prob": 0.878996105443025,
      "avg_margin": 0.0280684080193484,
      "avg_logit_rank": 0.08033707865168539,
      "avg_gumbel_rank": 0.08033707865168539,
      "infinite_margin_rate": 0.0060265577119509705,
      "total_tokens": 19580,
      "n_sequences": 100,
      "fireworks_verification_mode": "serverless"
    }
  }
}