{
  "model": "moonshotai/Kimi-K2-Thinking",
  "parameters": {
    "n_prompts": 100,
    "max_tokens": 200,
    "seed": 42,
    "top_k": 50,
    "top_p": 0.95,
    "temperature": 0.0,
    "verification_backend": "fireworks",
    "fireworks_verification_mode": "serverless",
    "fireworks_verification_strategy": "fixed-per-audit",
    "fireworks_deployment_created_for_audit": false,
    "fireworks_serverless_mapping_error": null
  },
  "providers": {
    "atlas-cloud/int4": {
      "exact_match_rate": 0.8874304101333061,
      "avg_prob": 0.8455654057066491,
      "avg_margin": 0.14758504095914207,
      "avg_logit_rank": 0.17043771387711323,
      "avg_gumbel_rank": 0.17043771387711323,
      "infinite_margin_rate": 0.005669339598549466,
      "total_tokens": 19579,
      "n_sequences": 100,
      "fireworks_verification_mode": "serverless"
    },
    "deepinfra/fp4": {
      "exact_match_rate": 0.9310083012755619,
      "avg_prob": 0.8774024706929175,
      "avg_margin": 0.05197097544382783,
      "avg_logit_rank": 0.100121482081393,
      "avg_gumbel_rank": 0.100121482081393,
      "infinite_margin_rate": 0.00622595667139097,
      "total_tokens": 19756,
      "n_sequences": 100,
      "fireworks_verification_mode": "serverless"
    },
    "google-vertex": {
      "exact_match_rate": 0.926028110359188,
      "avg_prob": 0.8663050398359997,
      "avg_margin": 0.058478645082853026,
      "avg_logit_rank": 0.1122852680895367,
      "avg_gumbel_rank": 0.1122852680895367,
      "infinite_margin_rate": 0.006507027589796981,
      "total_tokens": 19210,
      "n_sequences": 100,
      "fireworks_verification_mode": "serverless"
    },
    "moonshotai/int4": {
      "exact_match_rate": 0.9677254881966043,
      "avg_prob": 0.8989498825533057,
      "avg_margin": 0.015458538219584948,
      "avg_logit_rank": 0.03135675317391526,
      "avg_gumbel_rank": 0.03135675317391526,
      "infinite_margin_rate": 5.098659052669148e-05,
      "total_tokens": 19613,
      "n_sequences": 100,
      "fireworks_verification_mode": "serverless"
    },
    "nebius/fp8": {
      "exact_match_rate": 0.9597733421818367,
      "avg_prob": 0.8920189094895125,
      "avg_margin": 0.017884897986324016,
      "avg_logit_rank": 0.05998264332023074,
      "avg_gumbel_rank": 0.05998264332023074,
      "infinite_margin_rate": 0.005104905814487723,
      "total_tokens": 19589,
      "n_sequences": 100,
      "fireworks_verification_mode": "serverless"
    },
    "novita/bf16": {
      "exact_match_rate": 0.9110466890448581,
      "avg_prob": 0.8608452224473786,
      "avg_margin": 0.11413756591297865,
      "avg_logit_rank": 0.13432000813752415,
      "avg_gumbel_rank": 0.13432000813752415,
      "infinite_margin_rate": 0.004679076391008036,
      "total_tokens": 19662,
      "n_sequences": 100,
      "fireworks_verification_mode": "serverless"
    },
    "siliconflow/fp8": {
      "exact_match_rate": 0.9640645619734037,
      "avg_prob": 0.8984669328024062,
      "avg_margin": 0.017600951609372622,
      "avg_logit_rank": 0.03608770683179373,
      "avg_gumbel_rank": 0.03608770683179373,
      "infinite_margin_rate": 5.0756268399147295e-05,
      "total_tokens": 19702,
      "n_sequences": 100,
      "fireworks_verification_mode": "serverless"
    }
  }
}